{
  "IcoMoonType": "selection",
  "icons": [
    {
      "icon": {
        "paths": [
          "M704 0c-176.73 0-320 143.268-320 320 0 20.026 1.858 39.616 5.376 58.624l-389.376 389.376v192c0 35.346 28.654 64 64 64h64v-64h128v-128h128v-128h128l83.042-83.042c34.010 12.316 70.696 19.042 108.958 19.042 176.73 0 320-143.268 320-320s-143.27-320-320-320zM799.874 320.126c-53.020 0-96-42.98-96-96s42.98-96 96-96 96 42.98 96 96-42.98 96-96 96z"
        ],
        "tags": [
          "key",
          "password",
          "login",
          "signin"
        ],
        "defaultCode": 59789,
        "grid": 16,
        "attrs": []
      },
      "attrs": [],
      "properties": {
        "ligatures": "key, password",
        "name": "key",
        "order": 13,
        "id": 142,
        "prevSize": 32,
        "code": 59789
      },
      "setIdx": 0,
      "setId": 1,
      "iconIdx": 141
    },
    {
      "icon": {
        "paths": [
          "M896 256h-192v-128c0-35.2-28.8-64-64-64h-256c-35.2 0-64 28.8-64 64v128h-192c-70.4 0-128 57.6-128 128v512c0 70.4 57.6 128 128 128h768c70.4 0 128-57.6 128-128v-512c0-70.4-57.6-128-128-128zM384 128h256v128h-256v-128zM768 704h-192v192h-128v-192h-192v-128h192v-192h128v192h192v128z"
        ],
        "tags": [
          "aid-kit",
          "health",
          "medicine",
          "medical"
        ],
        "defaultCode": 59800,
        "grid": 16,
        "attrs": []
      },
      "attrs": [],
      "properties": {
        "ligatures": "aid-kit, health",
        "name": "aid-kit",
        "order": 10,
        "id": 153,
        "prevSize": 32,
        "code": 59800
      },
      "setIdx": 0,
      "setId": 1,
      "iconIdx": 152
    },
    {
      "icon": {
        "paths": [
          "M1024 576v-64h-193.29c-5.862-72.686-31.786-139.026-71.67-192.25h161.944l70.060-280.24-62.090-15.522-57.94 231.76h-174.68c-0.892-0.694-1.796-1.374-2.698-2.056 6.71-19.502 10.362-40.422 10.362-62.194 0.002-105.76-85.958-191.498-191.998-191.498s-192 85.738-192 191.5c0 21.772 3.65 42.692 10.362 62.194-0.9 0.684-1.804 1.362-2.698 2.056h-174.68l-57.94-231.76-62.090 15.522 70.060 280.24h161.944c-39.884 53.222-65.806 119.562-71.668 192.248h-193.29v64h193.37c3.802 45.664 15.508 88.812 33.638 127.75h-123.992l-70.060 280.238 62.090 15.524 57.94-231.762h112.354c58.692 78.032 147.396 127.75 246.66 127.75s187.966-49.718 246.662-127.75h112.354l57.94 231.762 62.090-15.524-70.060-280.238h-123.992c18.13-38.938 29.836-82.086 33.636-127.75h193.37z"
        ],
        "tags": [
          "bug",
          "virus",
          "error"
        ],
        "defaultCode": 59801,
        "grid": 16,
        "attrs": []
      },
      "attrs": [],
      "properties": {
        "ligatures": "bug, virus",
        "name": "bug",
        "order": 9,
        "id": 154,
        "prevSize": 32,
        "code": 59801
      },
      "setIdx": 0,
      "setId": 1,
      "iconIdx": 153
    },
    {
      "icon": {
        "paths": [
          "M704 64l-320 320h-192l-192 256c0 0 203.416-56.652 322.066-30.084l-322.066 414.084 421.902-328.144c58.838 134.654-37.902 328.144-37.902 328.144l256-192v-192l320-320 64-320-320 64z"
        ],
        "tags": [
          "rocket",
          "jet",
          "speed",
          "spaceship",
          "fast"
        ],
        "defaultCode": 59813,
        "grid": 16,
        "attrs": []
      },
      "attrs": [],
      "properties": {
        "ligatures": "rocket, jet",
        "name": "rocket",
        "order": 7,
        "id": 166,
        "prevSize": 32,
        "code": 59813
      },
      "setIdx": 0,
      "setId": 1,
      "iconIdx": 165
    },
    {
      "icon": {
        "paths": [
          "M956.29 804.482l-316.29-527.024v-213.458h32c17.6 0 32-14.4 32-32s-14.4-32-32-32h-320c-17.6 0-32 14.4-32 32s14.4 32 32 32h32v213.458l-316.288 527.024c-72.442 120.734-16.512 219.518 124.288 219.518h640c140.8 0 196.73-98.784 124.29-219.518zM241.038 640l206.962-344.938v-231.062h128v231.062l206.964 344.938h-541.926z"
        ],
        "tags": [
          "lab",
          "beta",
          "beaker",
          "test",
          "experiment"
        ],
        "defaultCode": 59818,
        "grid": 16,
        "attrs": []
      },
      "attrs": [],
      "properties": {
        "ligatures": "lab, beta",
        "name": "lab",
        "order": 8,
        "id": 171,
        "prevSize": 32,
        "code": 59818
      },
      "setIdx": 0,
      "setId": 1,
      "iconIdx": 170
    },
    {
      "icon": {
        "paths": [
          "M416 96c0-53.018 42.98-96 96-96s96 42.982 96 96c0 53.020-42.98 96-96 96s-96-42.98-96-96z",
          "M640 320l329.596-142.172-23.77-59.424-401.826 137.596h-64l-401.826-137.596-23.77 59.424 329.596 142.172v256l-131.27 424.57 59.84 22.7 185.716-415.27h27.428l185.716 415.27 59.84-22.7-131.27-424.57z"
        ],
        "tags": [
          "accessibility"
        ],
        "defaultCode": 59826,
        "grid": 16,
        "attrs": []
      },
      "attrs": [],
      "properties": {
        "ligatures": "accessibility",
        "name": "accessibility",
        "order": 11,
        "id": 179,
        "prevSize": 32,
        "code": 59826
      },
      "setIdx": 0,
      "setId": 1,
      "iconIdx": 178
    },
    {
      "icon": {
        "paths": [
          "M384 0l-384 512h384l-256 512 896-640h-512l384-384z"
        ],
        "tags": [
          "power",
          "lightning",
          "bolt",
          "electricity"
        ],
        "defaultCode": 59829,
        "grid": 16,
        "attrs": []
      },
      "attrs": [],
      "properties": {
        "ligatures": "power, lightning",
        "name": "power",
        "order": 12,
        "id": 182,
        "prevSize": 32,
        "code": 59829
      },
      "setIdx": 0,
      "setId": 1,
      "iconIdx": 181
    },
    {
      "icon": {
        "paths": [
          "M0 0h128v1024h-128v-1024z",
          "M832 643.002c82.624 0 154.57-19.984 192-49.5v-512c-37.43 29.518-109.376 49.502-192 49.502s-154.57-19.984-192-49.502v512c37.43 29.516 109.376 49.5 192 49.5z",
          "M608 32.528c-46.906-19.94-115.52-32.528-192-32.528-96.396 0-180.334 19.984-224 49.502v512c43.666-29.518 127.604-49.502 224-49.502 76.48 0 145.094 12.588 192 32.528v-512z"
        ],
        "tags": [
          "flag",
          "report",
          "mark"
        ],
        "defaultCode": 59852,
        "grid": 16,
        "attrs": []
      },
      "attrs": [],
      "properties": {
        "ligatures": "flag, report",
        "name": "flag",
        "order": 2,
        "id": 205,
        "prevSize": 32,
        "code": 59852
      },
      "setIdx": 0,
      "setId": 1,
      "iconIdx": 204
    },
    {
      "icon": {
        "paths": [
          "M665.832 327.048l-64.952-64.922-324.81 324.742c-53.814 53.792-53.814 141.048 0 194.844 53.804 53.792 141.060 53.792 194.874 0l389.772-389.708c89.714-89.662 89.714-235.062 0-324.726-89.666-89.704-235.112-89.704-324.782 0l-409.23 409.178c-0.29 0.304-0.612 0.576-0.876 0.846-125.102 125.096-125.102 327.856 0 452.906 125.054 125.056 327.868 125.056 452.988 0 0.274-0.274 0.516-0.568 0.82-0.876l0.032 0.034 279.332-279.292-64.986-64.92-279.33 279.262c-0.296 0.268-0.564 0.57-0.846 0.844-89.074 89.058-233.98 89.058-323.076 0-89.062-89.042-89.062-233.922 0-322.978 0.304-0.304 0.604-0.582 0.888-0.846l-0.046-0.060 409.28-409.166c53.712-53.738 141.144-53.738 194.886 0 53.712 53.734 53.712 141.148 0 194.84l-389.772 389.7c-17.936 17.922-47.054 17.922-64.972 0-17.894-17.886-17.894-47.032 0-64.92l324.806-324.782z"
        ],
        "tags": [
          "attachment",
          "paperclip"
        ],
        "defaultCode": 59853,
        "grid": 16,
        "attrs": []
      },
      "attrs": [],
      "properties": {
        "ligatures": "attachment, paperclip",
        "name": "attachment",
        "order": 4,
        "id": 206,
        "prevSize": 32,
        "code": 59853
      },
      "setIdx": 0,
      "setId": 1,
      "iconIdx": 205
    },
    {
      "icon": {
        "paths": [
          "M512 192c-223.318 0-416.882 130.042-512 320 95.118 189.958 288.682 320 512 320 223.312 0 416.876-130.042 512-320-95.116-189.958-288.688-320-512-320zM764.45 361.704c60.162 38.374 111.142 89.774 149.434 150.296-38.292 60.522-89.274 111.922-149.436 150.296-75.594 48.218-162.89 73.704-252.448 73.704-89.56 0-176.858-25.486-252.452-73.704-60.158-38.372-111.138-89.772-149.432-150.296 38.292-60.524 89.274-111.924 149.434-150.296 3.918-2.5 7.876-4.922 11.86-7.3-9.96 27.328-15.41 56.822-15.41 87.596 0 141.382 114.616 256 256 256 141.382 0 256-114.618 256-256 0-30.774-5.452-60.268-15.408-87.598 3.978 2.378 7.938 4.802 11.858 7.302v0zM512 416c0 53.020-42.98 96-96 96s-96-42.98-96-96 42.98-96 96-96 96 42.982 96 96z"
        ],
        "tags": [
          "eye",
          "views",
          "vision",
          "visit"
        ],
        "defaultCode": 59854,
        "grid": 16,
        "attrs": []
      },
      "attrs": [],
      "properties": {
        "ligatures": "eye, views",
        "name": "eye",
        "order": 3,
        "id": 207,
        "prevSize": 32,
        "code": 59854
      },
      "setIdx": 0,
      "setId": 1,
      "iconIdx": 206
    },
    {
      "icon": {
        "paths": [
          "M1024 397.050l-353.78-51.408-158.22-320.582-158.216 320.582-353.784 51.408 256 249.538-60.432 352.352 316.432-166.358 316.432 166.358-60.434-352.352 256.002-249.538z"
        ],
        "tags": [
          "star-full",
          "rate",
          "star",
          "favorite",
          "bookmark"
        ],
        "defaultCode": 59865,
        "grid": 16,
        "attrs": []
      },
      "attrs": [],
      "properties": {
        "ligatures": "star-full, rate3",
        "name": "star-full",
        "order": 6,
        "id": 218,
        "prevSize": 32,
        "code": 59865
      },
      "setIdx": 0,
      "setId": 1,
      "iconIdx": 217
    },
    {
      "icon": {
        "paths": [
          "M755.188 64c148.382 0 268.812 120.44 268.812 268.832 0 292.21-315.824 382.842-511.978 679.418-207.522-298.424-512.022-377.572-512.022-679.418 0-148.392 120.426-268.832 268.808-268.832 60.354 0 115.99 27.53 160.796 67.834l-77.604 124.166 224 128-128 320 352-384-224-128 61.896-92.846c35.42-21.768 75.21-35.154 117.292-35.154z"
        ],
        "tags": [
          "heart-broken",
          "heart",
          "like",
          "love"
        ],
        "defaultCode": 59867,
        "grid": 16,
        "attrs": []
      },
      "attrs": [],
      "properties": {
        "ligatures": "heart-broken, heart2",
        "name": "heart-broken",
        "order": 5,
        "id": 220,
        "prevSize": 32,
        "code": 59867
      },
      "setIdx": 0,
      "setId": 1,
      "iconIdx": 219
    }
  ],
  "height": 1024,
  "metadata": {
    "name": "icomoon"
  },
  "preferences": {
    "showGlyphs": true,
    "showQuickUse": true,
    "showQuickUse2": true,
    "showSVGs": true,
    "fontPref": {
      "prefix": "icon-",
      "metadata": {
        "fontFamily": "icomoon",
        "majorVersion": 1,
        "minorVersion": 0
      },
      "metrics": {
        "emSize": 1024,
        "baseline": 6.25,
        "whitespace": 50
      },
      "embed": false,
      "noie8": true,
      "ie7": false,
      "showSelector": true,
      "selector": "class",
      "classSelector": ".icon",
      "cssVars": false,
      "cssVarsFormat": "scss",
      "showMetrics": true,
      "showMetadata": true
    },
    "imagePref": {
      "prefix": "icon-",
      "png": true,
      "useClassSelector": true,
      "color": 0,
      "bgColor": 16777215,
      "classSelector": ".icon"
    },
    "historySize": 50,
    "showCodes": true,
    "gridSize": 16
  }
}